model,accuracy,recall,precision,f1_score
EfficientNetB0,0.6358543417366946,0.6601613200122466,0.6594589475538591,0.6585387840531308
MobileNetV3,0.6078431372549019,0.6249227538510375,0.6410385720398558,0.6322743358478978
ResNet50,0.6358543417366946,0.6588279434774197,0.666660141466343,0.661130710085934
